sku,description,related_products
SHAN_ZAFRANI_GARAM_MASALA_50G,"Indulge in the rich, aromatic warmth of SHAN_ZAFRANI_GARAM_MASALA_50G! This exquisite blend elevates any dish with its complex symphony of spices, adding depth and a hint of saffron's luxurious touch.  Unleash the authentic flavors of India in your kitchen, transforming ordinary meals into culinary masterpieces. Experience the difference premium quality makes.

This 50g pack is perfectly portioned for convenient use.  Key features include a unique blend of carefully selected spices including coriander, cumin, chili, and of course, saffron. Its vibrant, deep color and intense aroma promise an unparalleled culinary experience.  No artificial colors or flavors are used, ensuring a truly natural taste.

Enhance your curries, stews, or even sprinkle it over roasted vegetables for an instant flavor boost!  Order your SHAN_ZAFRANI_GARAM_MASALA_50G today and savor the magic of authentic Indian spices.  Experience the difference!
",No related products found.
SHAN__KARAHI_FRY_GOSHAT_MASALA50_G,"Unleash the authentic taste of India with Shan Karahi Fry Gosht Masala! This 50g pack delivers a rich, savory blend of spices perfect for creating restaurant-quality Karahi Gosht at home.  Experience tender, flavorful meat with aromatic spices that tantalize your taste buds.  Save time and effort while achieving incredible results.

Our expertly crafted blend contains a unique mix of chilies, coriander, cumin, and other secret ingredients for a truly unforgettable flavor.  This 50g pack is ideal for multiple servings, providing excellent value. Simply add to your favorite meat and vegetables for a quick and easy meal.  No artificial colors or flavors.

Elevate your cooking with Shan's quality and convenience.  Enjoy a delicious, aromatic meal effortlessly.  Order your Shan Karahi Fry Gosht Masala today and experience the difference!  Perfect for family dinners or special occasions.
",SHAN_ZAFRANI_GARAM_MASALA_50G
Men_Black_Sports_Walking_Shoes,"Conquer your daily walks with the Men's Black Sports Walking Shoes!  Experience superior comfort and support, designed for all-day wear.  These shoes boost performance and style, making every step a pleasure.  Enjoy unmatched athletic feel and lasting durability.

Crafted with breathable mesh uppers for optimal ventilation, these shoes feature a responsive cushioning midsole for shock absorption.  A durable rubber outsole provides excellent traction on various surfaces.  They offer a secure fit with reinforced heel support.  Lightweight design for effortless movement.


Step into superior comfort and performance!  These versatile shoes are perfect for workouts, casual wear, or everyday adventures. Order your pair today and experience the difference!  Sizes available from 7-13.
",No related products found.
